ClientID,FirstName,LastName,PhoneNumber,EmailAddress
1,Osbourn,Janaud,142-729-5398,ojanaud0@etsy.com
2,Maressa,Johnsey,866-199-4705,
3,Lori,Willishire,478-876-2590,lwillishire2@admin.ch
4,Britteny,Gelardi,495-340-7084,bgelardi3@wikipedia.org
5,Valentine,Chazotte,804-606-0219,vchazotte4@jiathis.com
6,Currey,Uff,211-859-7401,cuff5@wp.com
7,Lauree,Cudby,412-835-4640,lcudby6@elpais.com
8,Marylin,Mc Cahey,490-855-1642,mmccahey7@virginia.edu
9,Laurent,Blunkett,423-253-9108,lblunkett8@guardian.co.uk
10,Kerry,Davio,488-471-9168,
11,Nelli,Simion,764-835-0616,nsimiona@macromedia.com
12,Kimmi,Phython,725-340-1698,kphythonb@drupal.org
13,Hube,Beattie,405-345-7146,hbeattiec@google.com.hk
14,Kati,Milton,230-206-9804,kmiltond@reverbnation.com
15,Catharine,Maffiotti,814-422-4557,cmaffiottie@yolasite.com
16,Errick,Gocke,397-809-3629,egockef@state.gov
17,Alexandro,Pole,834-116-0152,apoleg@businessinsider.com
18,Beatriz,Swindon,758-566-1736,bswindonh@creativecommons.org
19,Cherilyn,Iffe,127-808-3784,ciffei@123-reg.co.uk
20,Bill,Grigaut,665-758-2675,bgrigautj@parallels.com
21,Charlotta,Sangra,273-247-1556,csangrak@yolasite.com
22,Deanna,Vigours,850-727-8367,dvigoursl@google.nl
23,Jarib,Dacca,404-392-9368,jdaccam@youtu.be
24,Enoch,Helder,278-976-2327,eheldern@miibeian.gov.cn
25,Patton,Shafe,293-992-1959,pshafeo@hibu.com
26,Ronna,Dummer,354-309-8291,rdummerp@mlb.com
27,Gwenore,Kleinplatz,998-663-6651,gkleinplatzq@wunderground.com
28,Celie,Wixey,847-488-1054,cwixeyr@51.la
29,Byrom,Riba,147-367-9127,bribas@a8.net
30,Tad,Yurivtsev,953-595-6740,tyurivtsevt@netlog.com
31,Heddi,Rheam,194-359-6943,hrheamu@nytimes.com
32,Chadwick,McGeouch,903-932-3609,cmcgeouchv@stanford.edu
33,Chelsea,Spadotto,369-582-9317,cspadottow@google.de
34,Vera,Bartaloni,270-490-6631,vbartalonix@seattletimes.com
35,Drud,Andrzejewski,775-711-4549,dandrzejewskiy@howstuffworks.com
36,Sid,Rivalland,890-634-6726,srivallandz@businessinsider.com
37,Lena,Slott,658-450-7469,lslott10@cdbaby.com
38,Anissa,MacDearmaid,312-458-2137,amacdearmaid11@plala.or.jp
39,Kathie,Beatty,903-850-8654,kbeatty12@w3.org
40,Sibby,Cockroft,467-318-0164,scockroft13@census.gov
41,Violante,Wenzel,890-348-9256,vwenzel14@economist.com
42,Nellie,Divver,622-291-0396,ndivver15@tripadvisor.com
43,Clarissa,Brahan,511-689-8020,cbrahan16@linkedin.com
44,Fanni,Swatradge,586-367-9849,fswatradge17@samsung.com
45,Sapphira,Gogan,916-351-6134,sgogan18@nydailynews.com
46,Conchita,Chrippes,988-395-8471,cchrippes19@lulu.com
47,Gaspar,Harpham,262-517-8768,gharpham1a@typepad.com
48,Travus,Hakes,286-919-7413,thakes1b@mashable.com
49,Berty,Deneve,814-842-7187,bdeneve1c@list-manage.com
50,Jessika,Saffran,391-217-1654,jsaffran1d@loc.gov
51,Son,Ablett,471-307-0693,sablett1e@quantcast.com
52,Terrel,Kenchington,368-849-3513,
53,Bruis,Mitroshinov,250-256-8447,bmitroshinov1g@blog.com
54,Gleda,Terran,391-257-2446,gterran1h@flavors.me
55,Montgomery,Roon,497-749-9691,mroon1i@mac.com
56,Olia,Tonna,801-640-3959,otonna1j@uiuc.edu
57,Patrizio,Duchesne,619-670-2146,pduchesne1k@cbc.ca
58,Robbin,Gatheral,841-357-3739,rgatheral1l@timesonline.co.uk
59,Chelsy,Mundall,178-639-4744,cmundall1m@google.co.jp
60,Thekla,Sponer,499-746-0937,
61,Claudius,Snelman,894-670-9484,csnelman1o@histats.com
62,Kalvin,Ganders,345-732-2343,kganders1p@dropbox.com
63,Rosene,Robjents,933-159-3144,rrobjents1q@ucsd.edu
64,Cthrine,Kensington,339-803-0536,ckensington1r@smh.com.au
65,Davidde,Adamoli,235-434-6539,dadamoli1s@usnews.com
66,Caleb,Folke,727-775-7138,cfolke1t@flavors.me
67,Sukey,Shubotham,477-352-5306,sshubotham1u@mac.com
68,Lewes,Pinches,923-524-5896,lpinches1v@nps.gov
69,Pearle,Spandley,101-344-1759,pspandley1w@tinypic.com
70,Sheelagh,Woodrooffe,629-870-3131,
71,Adriane,Czaja,736-204-8764,aczaja1y@jugem.jp
72,Augustus,Diano,536-598-6943,adiano1z@a8.net
73,Alisha,MacNab,225-521-9181,
74,Adriena,Ollett,222-421-1837,aollett21@ted.com
75,Alleen,McKeady,135-380-8859,amckeady22@netvibes.com
76,Falkner,Drake,157-126-5429,fdrake23@cnn.com
77,Adella,McGrey,713-640-4599,amcgrey24@mysql.com
78,Torey,Cops,452-929-1850,tcops25@cyberchimps.com
79,Kakalina,Yarrall,916-765-1016,kyarrall26@imageshack.us
80,Sibel,Hastin,627-615-6771,shastin27@seattletimes.com
81,Haskell,Piddle,378-160-9919,hpiddle28@com.com
82,Tybi,Tolman,751-197-9289,ttolman29@themeforest.net
83,Chaddy,Branno,999-113-4384,cbranno2a@networksolutions.com
84,Salvatore,Stoate,238-640-3046,
85,Jackson,Veness,633-836-1755,jveness2c@mapquest.com
86,Carey,Fenelon,978-578-1069,
87,Didi,Cordelette,219-442-3749,dcordelette2e@desdev.cn
88,Chrysler,Spragg,942-866-1430,cspragg2f@moonfruit.com
89,Jonah,Wiltshire,692-599-7694,jwiltshire2g@booking.com
90,Mauricio,Greenset,494-427-4225,mgreenset2h@independent.co.uk
91,Oren,Cosgrove,655-484-6630,ocosgrove2i@auda.org.au
92,Mirabelle,Thorrington,258-198-9102,mthorrington2j@symantec.com
93,Cristie,Oxton,799-415-0744,coxton2k@slashdot.org
94,Eddie,Lidierth,317-842-3796,
95,Reena,Slisby,764-908-1411,rslisby2m@ox.ac.uk
96,Archibold,Rodenburg,525-739-6859,arodenburg2n@house.gov
97,Harriett,Lusher,936-645-1194,hlusher2o@wikipedia.org
98,Wittie,Gadie,684-462-3988,wgadie2p@theglobeandmail.com
99,Cecilio,Zuppa,312-595-2581,czuppa2q@comcast.net
100,Elijah,MacSporran,677-330-7889,
